Workbook
Name Consistance: Sheet2!$D$2:$D$5
Name Data: Sheet2!$M$2:$M$5
Name Risk: Sheet2!$I$2:$I$5
Name Speed: Sheet2!$R$2:$R$5
Name Volume: Sheet2!$A$2:$A$5

Sheet Task Mapping
A1: Field | B1: Example Answer | C1: Level | D1: Score
A2: Task Name | B2: Order Follow-up
A3: Volume | B3: 200 tickets / month | C3: 1,000–10,000 | D3: =IFERROR(VLOOKUP(C3,Sheet2!$A$1:$B$10,2,0),"") -> 3
A4: Consistency | B4: 70 % identical / 30 % exceptions | C4: Clear patterns, defined exceptions | D4: =IFERROR(VLOOKUP(C4,Sheet2!$D$1:$E$9,2,0),"") -> 3
A5: Risk Impact | B5: Low – incorrect update causes re-call | C5: Catastrophic | D5: =IFERROR(VLOOKUP(C5,Sheet2!$I:$J,2,0),"") -> 1
A6: Data Location | B6: CRM + Email | C6: Scattered/unstructured | D6: =IFERROR(VLOOKUP(C6,Sheet2!$M:$N,2,0),"") -> 1
A7: Speed (How fast does this need to happen) | B7: Can wait 2-3 days | C7: Can wait days | D7: =IFERROR(VLOOKUP(C7,Sheet2!$R:$S,2,0),"") -> 1
A8: Time Spent | B8: 15 min per case
A9: Pain Points | B9: Re-typing / searching for attachments
A10: Does it need judgement | B10: Needs human judgement for discounts
A11: Possible AI Assist | B11: Copilot draft response / auto-search docs
A12: Level Guess | B12: Level 3 – Tool-Augmented Assistant
C13: Total Score | D13: =SUM(D3:D7) -> 9
C15: =_xlfn.XLOOKUP($D13,Sheet2!$W$2:$W$6,Sheet2!$X$2:$X$6,"Not Found",-1) -> Level 3 (Tool-Augmented Assistant)
B19: Further context
B20: Project Team Member Judgement

Sheet Sheet2
A1: Volume | D1: Consistance | I1: Risk | M1: Data | R1: Speed | V1: Score Interpretation | W1: Min Level
A2: Under 100 | B2: 1 | D2: Every case unique | E2: 1 | H2: =TRIM(I2) -> Catastrophic | I2: Catastrophic | J2: 1 | L2: =TRIM(M2) -> Scattered/unstructured | M2: Scattered/unstructured | N2: 1 | Q2: =TRIM(R2) -> Can wait days | R2: Can wait days | S2: 1 | V2: 18–20 | W2: =VALUE(TRIM(LEFT(V2,FIND("–",V2)-1))) -> 18 | X2: Level 6 (Fully Autonomous)
A3: 100–1,000 | B3: 2 | D3: Patterns with exceptions | E3: 2 | H3: =TRIM(I3) -> Costly but fixable | I3: Costly but fixable | J3: 2 | L3: =TRIM(M3) -> Needs interpretation | M3: Needs interpretation | N3: 2 | Q3: =TRIM(R3) -> Same-day | R3: Same-day | S3: 2 | V3: 15–17 | W3: =VALUE(TRIM(LEFT(V3,FIND("–",V3)-1))) -> 15 | X3: Level 5 (Semi-Autonomous)
A4: 1,000–10,000 | B4: 3 | D4: Clear patterns, defined exceptions | E4: 3 | H4: =TRIM(I4) -> Noticeable but not critical | I4: Noticeable but not critical | J4: 3 | L4: =TRIM(M4) -> Accessible via APIs | M4: Accessible via APIs | N4: 3 | Q4: =TRIM(R4) -> Hours | R4: Hours | S4: 3 | V4: 12–14 | W4: =VALUE(TRIM(LEFT(V4,FIND("–",V4)-1))) -> 12 | X4: Level 4 (Structured Workflow)
A5: Over 10,000 | B5: 4 | D5: Highly standardized | E5: 4 | H5: =TRIM(I5) -> Minor | I5: Minor | J5: 4 | L5: =TRIM(M5) -> Real-time and comprehensive | M5: Real-time and comprehensive | N5: 4 | Q5: =TRIM(R5) -> Instant | R5: Instant | S5: 4 | V5: 8–11 | W5: =VALUE(TRIM(LEFT(V5,FIND("–",V5)-1))) -> 8 | X5: Level 3 (Tool-Augmented Assistant)
V6: 5–7 | W6: =VALUE(TRIM(LEFT(V6,FIND("–",V6)-1))) -> 5 | X6: Level 1–2 (Advisor / Copilot)
